dateTime,usagekW,generationkW
2022-03-24 23:00:00,0.961905556,-0.006856111
2022-03-24 22:00:00,0.958907500,-0.007173056
2022-03-24 21:00:00,0.956886389,-0.008362222
2022-03-24 20:00:00,1.311287222,-0.009803333
2022-03-24 19:00:00,0.905158611,0.129520833
2022-03-24 18:00:00,1.016821389,1.623891389
2022-03-24 17:00:00,2.052891944,3.975784722
2022-03-24 16:00:00,2.272935000,5.652595000
2022-03-24 15:00:00,0.900743056,6.716247778
2022-03-24 14:00:00,1.304336111,7.240683333
2022-03-24 13:00:00,1.789608056,7.137530000
2022-03-24 12:00:00,3.785268333,6.492285556
2022-03-24 11:00:00,4.443376944,5.400403333
2022-03-24 10:00:00,1.616073056,4.089767500
2022-03-24 09:00:00,1.465657500,2.163337500
2022-03-24 08:00:00,1.838173333,0.394957778
2022-03-24 07:00:00,2.591678889,0.012327222
2022-03-24 06:00:00,0.957281389,-0.007274167
2022-03-24 05:00:00,0.782312778,-0.006833889
2022-03-24 04:00:00,0.671514722,-0.006953333
2022-03-24 03:00:00,0.678381111,-0.006800556
2022-03-24 02:00:00,0.864888611,-0.006967500
2022-03-24 01:00:00,1.093484167,-0.006831111
2022-03-24 00:00:00,0.892814167,-0.006991111
2022-03-23 23:00:00,0.668130000,-0.006848889
2022-03-23 22:00:00,0.703224722,-0.007014167
2022-03-23 21:00:00,1.010013611,-0.008444722
2022-03-23 20:00:00,1.567225000,-0.009966944
2022-03-23 19:00:00,1.566440278,0.222641111
2022-03-23 18:00:00,0.921181667,1.466939722
2022-03-23 17:00:00,1.274095833,2.402017500
2022-03-23 16:00:00,0.964518611,4.638431667
2022-03-23 15:00:00,1.362855833,6.310783333
2022-03-23 14:00:00,1.344555000,7.150784444
2022-03-23 13:00:00,0.932354444,7.107602778
2022-03-23 12:00:00,1.473607222,6.469668333
2022-03-23 11:00:00,1.247843611,5.367392778
2022-03-23 10:00:00,1.389142500,4.054181389
2022-03-23 09:00:00,2.206277222,2.137071667
2022-03-23 08:00:00,1.593419722,0.401950556
2022-03-23 07:00:00,2.683854722,0.010987500
2022-03-23 06:00:00,1.632137500,-0.007307778
2022-03-23 05:00:00,0.643526944,-0.006849722
2022-03-23 04:00:00,0.625555278,-0.006979444
2022-03-23 03:00:00,0.391695000,-0.006830278
2022-03-23 02:00:00,0.569022222,-0.006959444
2022-03-23 01:00:00,0.792049167,-0.006820556
2022-03-23 00:00:00,0.771905833,-0.006964722
2022-03-22 23:00:00,0.954813611,-0.006832500
2022-03-22 22:00:00,0.574621389,-0.007009167
2022-03-22 21:00:00,0.680519167,-0.006900833
2022-03-22 20:00:00,1.051653056,-0.008505278
2022-03-22 19:00:00,1.024309167,0.114410000
2022-03-22 18:00:00,0.981716667,1.493461111
2022-03-22 17:00:00,0.998422222,3.972748889
2022-03-22 16:00:00,0.946798333,5.680098333
2022-03-22 15:00:00,0.936676389,6.782188889
2022-03-22 14:00:00,0.813939444,7.304497778
2022-03-22 13:00:00,0.770946944,7.177293889
2022-03-22 12:00:00,0.935955000,6.488986667
2022-03-22 11:00:00,1.249557778,5.365483333
2022-03-22 10:00:00,2.181824444,3.964109167
2022-03-22 09:00:00,1.580434167,2.013990000
2022-03-22 08:00:00,1.146338333,0.426201944
2022-03-22 07:00:00,1.559604722,0.010049722
2022-03-22 06:00:00,1.063359167,-0.009613889
2022-03-22 05:00:00,0.769446944,-0.009556111
2022-03-22 04:00:00,0.648185278,-0.009498611
2022-03-22 03:00:00,0.569346667,-0.009586944
2022-03-22 02:00:00,0.578836667,-0.009593056
2022-03-22 01:00:00,0.687608611,-0.009618889
2022-03-22 00:00:00,0.917124722,-0.009652500
2022-03-21 23:00:00,0.928691944,-0.008956111
2022-03-21 22:00:00,1.600385278,-0.009420556
2022-03-21 21:00:00,1.197278889,-0.009791944
2022-03-21 20:00:00,2.649787222,-0.009765556
2022-03-21 19:00:00,1.787520556,0.168740278
2022-03-21 18:00:00,1.648551667,1.875599722
2022-03-21 17:00:00,1.959048611,0.162621667
2022-03-21 16:00:00,3.414359167,1.589104722
2022-03-21 15:00:00,0.919440833,3.292446111
2022-03-21 14:00:00,1.188361944,3.411473889
2022-03-21 13:00:00,1.165767778,4.013557778
2022-03-21 12:00:00,1.577113889,1.683570000
2022-03-21 11:00:00,1.474544444,1.299815556
2022-03-21 10:00:00,1.357641667,1.262441111
2022-03-21 09:00:00,1.194754167,0.327658611
2022-03-21 08:00:00,1.489718611,0.064466389
2022-03-21 07:00:00,1.926168333,-0.009449167
2022-03-21 06:00:00,1.582814722,-0.006965556
2022-03-21 05:00:00,0.460037500,-0.008828333
2022-03-21 04:00:00,0.467890833,-0.009619722
2022-03-21 03:00:00,0.482081944,-0.009615833
2022-03-21 02:00:00,0.470875556,-0.009619444
2022-03-21 01:00:00,0.645678056,-0.009640833
2022-03-21 00:00:00,0.891358056,-0.009688056
2022-03-20 23:00:00,0.646875556,-0.009971944
2022-03-20 22:00:00,0.649850833,-0.008588333
2022-03-20 21:00:00,0.805598611,-0.008508611
2022-03-20 20:00:00,1.145677500,-0.009872778
2022-03-20 19:00:00,1.243652500,0.089812778
2022-03-20 18:00:00,1.444113333,1.282157778
2022-03-20 17:00:00,1.279381667,3.271667778
2022-03-20 16:00:00,1.220220833,5.213623333
2022-03-20 15:00:00,1.865635833,6.302587778
2022-03-20 14:00:00,2.105750833,6.792812222
2022-03-20 13:00:00,1.110601389,6.752126111
2022-03-20 12:00:00,1.219609167,6.107142222
2022-03-20 11:00:00,1.270099444,5.228421667
2022-03-20 10:00:00,3.308380278,3.872373889
2022-03-20 09:00:00,3.327065000,2.020322778
2022-03-20 08:00:00,0.444498056,0.374095000
2022-03-20 07:00:00,0.276093611,0.005328611
2022-03-20 06:00:00,0.280507222,-0.009681111
2022-03-20 05:00:00,0.461038056,-0.009663333
2022-03-20 04:00:00,0.700297778,-0.009653611
2022-03-20 03:00:00,0.513718611,-0.009655278
2022-03-20 02:00:00,0.574067500,-0.009644167
2022-03-20 01:00:00,0.662521111,-0.009675000
2022-03-20 00:00:00,0.949630278,-0.009063056
2022-03-19 23:00:00,0.874997500,-0.006860278
2022-03-19 22:00:00,1.013731667,-0.007072500
2022-03-19 21:00:00,1.007210000,-0.007010556
2022-03-19 20:00:00,1.361156111,-0.008486944
2022-03-19 19:00:00,1.685199444,0.092397222
2022-03-19 18:00:00,1.128388889,1.375703611
2022-03-19 17:00:00,2.500125000,3.723830000
2022-03-19 16:00:00,2.432663611,5.339823333
2022-03-19 15:00:00,2.076431667,6.345524444
2022-03-19 14:00:00,1.198300000,6.832778889
2022-03-19 13:00:00,2.036530000,6.727072222
2022-03-19 12:00:00,1.525628611,6.049086667
2022-03-19 11:00:00,1.732935000,5.152605556
2022-03-19 10:00:00,1.930654167,3.347076944
2022-03-19 09:00:00,1.976245833,1.760386389
2022-03-19 08:00:00,2.005748611,0.359679167
2022-03-19 07:00:00,1.672268611,-0.005262500
2022-03-19 06:00:00,0.741031389,-0.009699722
2022-03-19 05:00:00,0.658088611,-0.009676944
2022-03-19 04:00:00,0.523846944,-0.009670833
2022-03-19 03:00:00,0.473355556,-0.009713333
2022-03-19 02:00:00,0.722164444,-0.009780556
2022-03-19 01:00:00,0.657903333,-0.009790000
2022-03-19 00:00:00,0.907593611,-0.009823611
2022-03-18 23:00:00,0.831793889,-0.009827778
2022-03-18 22:00:00,0.861917222,-0.009858333
2022-03-18 21:00:00,0.871952222,-0.007472500
2022-03-18 20:00:00,1.270914722,-0.008733056
2022-03-18 19:00:00,1.168020833,0.095820000
2022-03-18 18:00:00,1.047076389,1.362043889
2022-03-18 17:00:00,1.419830000,3.781844167
2022-03-18 16:00:00,1.426399444,5.489095000
2022-03-18 15:00:00,0.714659722,6.614730000
2022-03-18 14:00:00,0.600698056,7.101402778
2022-03-18 13:00:00,0.687488056,7.021401111
2022-03-18 12:00:00,1.001670833,6.385079444
2022-03-18 11:00:00,0.850609167,5.401364444
2022-03-18 10:00:00,1.305948333,3.939457778
2022-03-18 09:00:00,1.644884722,1.929047778
2022-03-18 08:00:00,1.199212778,0.295530556
2022-03-18 07:00:00,2.252247500,0.000310000
2022-03-18 06:00:00,0.462220833,-0.009683056
2022-03-18 05:00:00,0.464275000,-0.009658611
2022-03-18 04:00:00,0.466583889,-0.009649167
2022-03-18 03:00:00,0.466471389,-0.009643889
2022-03-18 02:00:00,0.468620278,-0.009781667
2022-03-18 01:00:00,0.476461667,-0.009803056
2022-03-18 00:00:00,0.486039167,-0.009753889
2022-03-17 23:00:00,0.471652778,-0.009779167
2022-03-17 22:00:00,0.921346111,-0.009840833
2022-03-17 21:00:00,0.887141389,-0.009871111
2022-03-17 20:00:00,1.138831944,-0.009852500
2022-03-17 19:00:00,1.092309167,0.050196111
2022-03-17 18:00:00,1.113074444,0.681901389
2022-03-17 17:00:00,1.074755278,2.250236111
2022-03-17 16:00:00,0.828010833,1.395312500
2022-03-17 15:00:00,1.025898889,1.224923333
2022-03-17 14:00:00,1.029030556,1.478584722
2022-03-17 13:00:00,1.376857778,0.900842778
2022-03-17 12:00:00,1.116280556,1.319994722
2022-03-17 11:00:00,1.354914167,1.377317222
2022-03-17 10:00:00,1.368852778,1.246290833
2022-03-17 09:00:00,2.023425833,0.851050556
2022-03-17 08:00:00,1.024251944,0.255310000
2022-03-17 07:00:00,0.715808056,-0.006571667
2022-03-17 06:00:00,0.505211944,-0.007251667
2022-03-17 05:00:00,0.512658889,-0.009665556
2022-03-17 04:00:00,0.517665000,-0.009654444
2022-03-17 03:00:00,0.642171389,-0.009671944
2022-03-17 02:00:00,0.490440556,-0.009675833
2022-03-17 01:00:00,0.829421389,-0.009747222
2022-03-17 00:00:00,0.971809444,-0.009843056
2022-03-16 23:00:00,0.803466944,-0.010003333
2022-03-16 22:00:00,0.905349444,-0.010204722
2022-03-16 21:00:00,1.216250278,-0.010191111
2022-03-16 20:00:00,1.112718889,-0.010166667
2022-03-16 19:00:00,1.056307222,0.049373056
2022-03-16 18:00:00,1.170035278,1.240324444
2022-03-16 17:00:00,2.248584167,3.630930278
2022-03-16 16:00:00,1.874846944,5.253435556
2022-03-16 15:00:00,1.030741944,6.307643333
2022-03-16 14:00:00,0.961026389,6.756440000
2022-03-16 13:00:00,1.984977500,6.659197778
2022-03-16 12:00:00,3.739210833,6.007365556
2022-03-16 11:00:00,1.156405000,5.046777222
2022-03-16 10:00:00,1.053949722,3.660397500
2022-03-16 09:00:00,1.301032778,1.858954167
2022-03-16 08:00:00,1.847252500,0.301287500
2022-03-16 07:00:00,1.763446667,-0.001285000
2022-03-16 06:00:00,0.770898889,-0.006975278
2022-03-16 05:00:00,0.691201944,-0.009032500
2022-03-16 04:00:00,0.735718611,-0.009580000
2022-03-16 03:00:00,0.667894444,-0.009581111
2022-03-16 02:00:00,0.676989444,-0.009596667
2022-03-16 01:00:00,0.681019167,-0.009608889
2022-03-16 00:00:00,0.693693056,-0.009641944
2022-03-15 23:00:00,0.863862500,-0.009690833
2022-03-15 22:00:00,0.777909722,-0.009753056
2022-03-15 21:00:00,1.005174444,-0.009882778
2022-03-15 20:00:00,1.203801667,-0.009903611
2022-03-15 19:00:00,1.293110000,0.077271389
2022-03-15 18:00:00,1.369127222,1.212161944
2022-03-15 17:00:00,1.164268611,3.623299722
2022-03-15 16:00:00,1.113692500,5.324746667
2022-03-15 15:00:00,0.694263056,6.466357778
2022-03-15 14:00:00,0.796228333,6.917064444
2022-03-15 13:00:00,1.114246111,6.815527778
2022-03-15 12:00:00,1.275010556,6.138745000
2022-03-15 11:00:00,1.329429167,5.122648889
2022-03-15 10:00:00,1.705755000,3.662915000
2022-03-15 09:00:00,1.832063611,1.749595000
2022-03-15 08:00:00,1.125043333,0.250308611
2022-03-15 07:00:00,0.866194722,-0.003476667
2022-03-15 06:00:00,0.516732778,-0.007030278
2022-03-15 05:00:00,0.624723889,-0.006836667
2022-03-15 04:00:00,0.670441389,-0.008525278
2022-03-15 03:00:00,0.539177778,-0.009648889
2022-03-15 02:00:00,0.557650556,-0.009765556
2022-03-15 01:00:00,0.748936667,-0.009785000
2022-03-15 00:00:00,1.154050556,-0.009837778
2022-03-14 23:00:00,0.690236667,-0.009840833
2022-03-14 22:00:00,1.027866667,-0.009890833
2022-03-14 21:00:00,1.036121944,-0.010095278
2022-03-14 20:00:00,0.964701944,-0.009842778
2022-03-14 19:00:00,1.246665000,0.021517778
2022-03-14 18:00:00,0.914380278,1.090352222
2022-03-14 17:00:00,0.948968333,3.210857778
2022-03-14 16:00:00,1.078458333,5.063131111
2022-03-14 15:00:00,2.048317778,6.235336111
2022-03-14 14:00:00,1.215985278,3.143850556
2022-03-14 13:00:00,0.952000000,2.470184722
2022-03-14 12:00:00,1.175037222,4.863422222
2022-03-14 11:00:00,1.249665278,5.203734444
2022-03-14 10:00:00,1.722863611,2.769997778
2022-03-14 09:00:00,1.432103611,1.659815278
2022-03-14 08:00:00,1.997591667,0.431823056
2022-03-14 07:00:00,0.901028056,0.000790278
2022-03-14 06:00:00,0.791454444,-0.007023056
2022-03-14 05:00:00,0.661690833,-0.008831389
2022-03-14 04:00:00,0.772076667,-0.009619444
2022-03-14 03:00:00,0.785234444,-0.008596389
2022-03-14 02:00:00,0.977805000,-0.009668333
2022-03-14 01:00:00,1.155031667,-0.009683056
2022-03-14 00:00:00,1.289262222,-0.009678889
2022-03-13 23:00:00,0.695438611,-0.009672778
2022-03-13 22:00:00,0.869443611,-0.009683889
2022-03-13 21:00:00,1.337642500,-0.009806667
2022-03-13 20:00:00,1.107967500,-0.009895833
2022-03-13 19:00:00,1.790633333,0.076970556
2022-03-13 18:00:00,0.767914444,1.159493611
2022-03-13 17:00:00,0.792092222,3.591496111
2022-03-13 16:00:00,0.877902222,5.355062778
2022-03-13 15:00:00,0.962056944,6.490635556
2022-03-13 14:00:00,1.675757222,5.896750000
2022-03-13 13:00:00,1.563083611,5.476346667
2022-03-13 12:00:00,1.999789722,4.701757222
2022-03-13 11:00:00,1.648005278,4.347431944
2022-03-13 10:00:00,1.941532778,3.636933889
2022-03-13 09:00:00,1.440463889,1.750315278
2022-03-13 08:00:00,1.803813611,0.268004722
2022-03-13 07:00:00,1.185835556,-0.004480000
2022-03-13 06:00:00,1.479437222,-0.007263889
2022-03-13 05:00:00,1.104922500,-0.007133611
2022-03-13 04:00:00,1.056226111,-0.007139444
2022-03-13 03:00:00,1.024280000,-0.006927500
2022-03-13 01:00:00,1.166878333,-0.007060000
2022-03-13 00:00:00,1.245954722,-0.009648056
2022-03-12 23:00:00,1.151127222,-0.009805278
2022-03-12 22:00:00,1.095699167,-0.009766667
2022-03-12 21:00:00,1.253683333,-0.009830278
2022-03-12 20:00:00,1.373045278,-0.009846111
2022-03-12 19:00:00,1.585227500,-0.009840278
2022-03-12 18:00:00,2.101965833,0.061280000
2022-03-12 17:00:00,1.249816667,1.167685556
2022-03-12 16:00:00,0.917040833,3.773322778
2022-03-12 15:00:00,0.904488611,5.555477778
2022-03-12 14:00:00,1.148638611,6.642272222
2022-03-12 13:00:00,0.787499167,7.081526111
2022-03-12 12:00:00,0.830986667,6.946412222
2022-03-12 11:00:00,1.302625833,6.298751111
2022-03-12 10:00:00,1.351471667,5.275275000
2022-03-12 09:00:00,1.992364722,3.752974167
2022-03-12 08:00:00,1.795631667,1.756704167
2022-03-12 07:00:00,1.720619167,0.212952222
2022-03-12 06:00:00,1.500729167,-0.006474722
2022-03-12 05:00:00,1.473474444,-0.006970556
2022-03-12 04:00:00,1.099116944,-0.006820000
2022-03-12 03:00:00,1.067248333,-0.006960833
2022-03-12 02:00:00,1.029478889,-0.006814167
2022-03-12 01:00:00,1.240621389,-0.006969444
2022-03-12 00:00:00,1.490226389,-0.006943889
2022-03-11 23:00:00,1.379057222,-0.007189444
2022-03-11 22:00:00,1.314850278,-0.009905556
2022-03-11 21:00:00,1.627856111,-0.009738333
2022-03-11 20:00:00,2.837216389,-0.009766667
2022-03-11 19:00:00,2.573919444,-0.009763611
2022-03-11 18:00:00,1.880591667,0.077901389
2022-03-11 17:00:00,1.826777500,1.116090833
2022-03-11 16:00:00,1.555715000,1.618287778
2022-03-11 15:00:00,2.417944444,1.514718611
2022-03-11 14:00:00,2.052906944,1.668380000
2022-03-11 13:00:00,1.331787500,1.803292778
2022-03-11 12:00:00,2.693590833,1.708683056
2022-03-11 11:00:00,1.221490833,1.294283056
2022-03-11 10:00:00,2.652119722,0.648513889
2022-03-11 09:00:00,2.363453056,1.180952222
2022-03-11 08:00:00,1.841433333,0.657824167
2022-03-11 07:00:00,2.402104444,0.137360278
2022-03-11 06:00:00,1.020071944,-0.009568333
2022-03-11 05:00:00,0.570175556,-0.009648889
2022-03-11 04:00:00,0.575309722,-0.009627778
2022-03-11 03:00:00,0.582309444,-0.009628333
2022-03-11 02:00:00,0.643075556,-0.009638611
2022-03-11 01:00:00,0.786276944,-0.009340556
2022-03-11 00:00:00,1.034651944,-0.009676389
2022-03-10 23:00:00,0.913603889,-0.009312778
2022-03-10 22:00:00,0.866935278,-0.009730833
2022-03-10 21:00:00,0.900853611,-0.009845278
2022-03-10 20:00:00,1.164638611,-0.009859722
2022-03-10 19:00:00,1.514364167,-0.009842778
2022-03-10 18:00:00,1.502872778,0.056117222
2022-03-10 17:00:00,1.142307222,1.008015278
2022-03-10 16:00:00,1.086134167,3.335285833
2022-03-10 15:00:00,0.764601111,5.075708333
2022-03-10 14:00:00,0.829003333,6.110850000
2022-03-10 13:00:00,1.194331944,6.579104444
2022-03-10 12:00:00,1.651196944,6.521976111
2022-03-10 11:00:00,3.142732500,5.885715556
2022-03-10 10:00:00,2.984784722,4.865872222
2022-03-10 09:00:00,2.044286389,3.365876667
2022-03-10 08:00:00,2.092996111,1.647597500
2022-03-10 07:00:00,3.073571111,0.265163611
2022-03-10 06:00:00,1.966397500,-0.006033611
2022-03-10 05:00:00,0.889240833,-0.007081944
2022-03-10 04:00:00,0.964749167,-0.006929722
2022-03-10 03:00:00,0.855212500,-0.007061667
2022-03-10 02:00:00,0.845213333,-0.006893889
2022-03-10 01:00:00,1.017921667,-0.007046667
2022-03-10 00:00:00,1.239291944,-0.006889444
2022-03-09 23:00:00,0.923502222,-0.007034444
2022-03-09 22:00:00,0.830834722,-0.006897778
2022-03-09 21:00:00,0.976258056,-0.007457778
2022-03-09 20:00:00,1.875863333,-0.009765000
2022-03-09 19:00:00,2.006495278,-0.009783333
2022-03-09 18:00:00,2.402603889,0.054361389
2022-03-09 17:00:00,2.867511389,1.025185556
2022-03-09 16:00:00,1.165902222,3.471846389
2022-03-09 15:00:00,1.184616944,3.901180000
2022-03-09 14:00:00,1.135211667,5.829272778
2022-03-09 13:00:00,0.984190556,6.861740556
2022-03-09 12:00:00,1.599976667,6.681677778
2022-03-09 11:00:00,1.536099167,5.855493333
2022-03-09 10:00:00,1.342522222,4.473208611
2022-03-09 09:00:00,1.682952778,3.442029722
2022-03-09 08:00:00,2.557058056,1.619718056
2022-03-09 07:00:00,2.230829444,0.425608889
2022-03-09 06:00:00,1.160621389,-0.008895833
2022-03-09 05:00:00,0.860929167,-0.007059722
2022-03-09 04:00:00,1.005468611,-0.006892500
2022-03-09 03:00:00,0.837473889,-0.007025000
2022-03-09 02:00:00,1.029574722,-0.006887778
2022-03-09 01:00:00,1.393630278,-0.007040278
2022-03-09 00:00:00,1.117977778,-0.006898056
2022-03-08 23:00:00,0.911201667,-0.007056389
2022-03-08 22:00:00,0.888587500,-0.006948333
2022-03-08 21:00:00,1.377649722,-0.007228333
2022-03-08 20:00:00,1.873670000,-0.008835278
2022-03-08 19:00:00,1.685208333,-0.009948333
2022-03-08 18:00:00,1.592221389,0.043702222
2022-03-08 17:00:00,2.352514167,1.017438611
2022-03-08 16:00:00,2.702007222,3.445410000
2022-03-08 15:00:00,1.316177222,4.992437778
2022-03-08 14:00:00,1.414757222,4.188352778
2022-03-08 13:00:00,1.583768333,2.269998889
2022-03-08 12:00:00,1.586777222,2.237388056
2022-03-08 11:00:00,2.006328056,2.484430000
2022-03-08 10:00:00,3.063338611,1.139047500
2022-03-08 09:00:00,2.682611944,0.511463889
2022-03-08 08:00:00,1.989510000,0.347456111
2022-03-08 07:00:00,2.180549167,0.033304444
2022-03-08 06:00:00,1.095336389,-0.009460556
2022-03-08 05:00:00,1.043664444,-0.009615000
2022-03-08 04:00:00,1.195107500,-0.009607778
2022-03-08 03:00:00,0.902208611,-0.009606389
2022-03-08 02:00:00,0.909032778,-0.009603056
2022-03-08 01:00:00,0.921414444,-0.009611944
2022-03-08 00:00:00,0.947259722,-0.009058611
2022-03-07 23:00:00,1.071071944,-0.007235833
2022-03-07 22:00:00,0.923183333,-0.009673056
2022-03-07 21:00:00,1.245141667,-0.009725833
2022-03-07 20:00:00,1.805776667,-0.009759722
2022-03-07 19:00:00,1.861165556,-0.008827222
2022-03-07 18:00:00,1.917280556,0.073822778
2022-03-07 17:00:00,2.005332222,1.084370000
2022-03-07 16:00:00,1.844940833,2.444653333
2022-03-07 15:00:00,1.541574167,1.602545278
2022-03-07 14:00:00,1.220732778,1.643584444
2022-03-07 13:00:00,0.942771944,2.049020833
2022-03-07 12:00:00,0.935281389,2.188170833
2022-03-07 11:00:00,1.509689167,1.455400278
2022-03-07 10:00:00,2.141912778,1.051991667
2022-03-07 09:00:00,1.205682222,0.909323889
2022-03-07 08:00:00,1.173855833,0.548087778
2022-03-07 07:00:00,1.689312222,0.106279444
2022-03-07 06:00:00,0.831610833,-0.009517222
2022-03-07 05:00:00,0.501892778,-0.009638056
2022-03-07 04:00:00,0.507699167,-0.009628611
2022-03-07 03:00:00,0.510465556,-0.009634167
2022-03-07 02:00:00,0.693644444,-0.009654167
2022-03-07 01:00:00,0.940509722,-0.009687500
2022-03-07 00:00:00,1.547192778,-0.009726944
2022-03-06 23:00:00,0.792817500,-0.009815278
2022-03-06 22:00:00,0.849570000,-0.010053333
2022-03-06 21:00:00,1.231355556,-0.010020833
2022-03-06 20:00:00,2.199385833,-0.009969444
2022-03-06 19:00:00,1.635042778,-0.010065278
2022-03-06 18:00:00,2.094312500,0.000646389
2022-03-06 17:00:00,1.424621944,0.480686111
2022-03-06 16:00:00,0.994523611,1.427149722
2022-03-06 15:00:00,1.182783611,1.692586944
2022-03-06 14:00:00,0.825706944,0.790211111
2022-03-06 13:00:00,0.939404444,1.338770000
2022-03-06 12:00:00,0.808263333,1.315468611
2022-03-06 11:00:00,1.171251389,1.766007222
2022-03-06 10:00:00,1.302553333,2.185390833
2022-03-06 09:00:00,1.180823611,1.235366389
2022-03-06 08:00:00,0.941494444,0.878698611
2022-03-06 07:00:00,1.056942500,0.271257500
2022-03-06 06:00:00,0.786435556,-0.008915278
2022-03-06 05:00:00,0.805197500,-0.006860278
2022-03-06 04:00:00,0.779236944,-0.007080556
2022-03-06 03:00:00,0.772453333,-0.007187500
2022-03-06 02:00:00,0.775401944,-0.006747222
2022-03-06 01:00:00,0.848009444,-0.008758056
2022-03-06 00:00:00,0.778600556,-0.008375556
2022-03-05 23:00:00,0.783433056,-0.009954722
2022-03-05 22:00:00,0.787519722,-0.009953056
2022-03-05 21:00:00,0.875158611,-0.010061389
2022-03-05 20:00:00,1.176916667,-0.010080833
2022-03-05 19:00:00,1.055735833,-0.010125278
2022-03-05 18:00:00,1.011860278,0.010600000
2022-03-05 17:00:00,1.014460000,0.574186389
2022-03-05 16:00:00,1.184104167,1.867276944
2022-03-05 15:00:00,0.878463611,3.171237500
2022-03-05 14:00:00,0.879518333,2.881226667
2022-03-05 13:00:00,0.946382222,1.398227500
2022-03-05 12:00:00,1.748338611,1.856342500
2022-03-05 11:00:00,2.666225278,2.225878611
2022-03-05 10:00:00,1.667327222,2.242007778
2022-03-05 09:00:00,1.564369167,0.854922222
2022-03-05 08:00:00,0.971618056,0.842952778
2022-03-05 07:00:00,0.917320278,0.219105000
2022-03-05 06:00:00,0.651408333,-0.009521389
2022-03-05 05:00:00,0.671133889,-0.009657778
2022-03-05 04:00:00,0.604815278,-0.009659444
2022-03-05 03:00:00,0.860461944,-0.009663333
2022-03-05 02:00:00,0.901810833,-0.009678056
2022-03-05 01:00:00,1.112751389,-0.009697778
2022-03-05 00:00:00,1.089862222,-0.009715833
2022-03-04 23:00:00,0.743505278,-0.009925833
2022-03-04 22:00:00,1.031047222,-0.010045278
2022-03-04 21:00:00,1.519689167,-0.010031944
2022-03-04 20:00:00,1.640193611,-0.010099444
2022-03-04 19:00:00,1.949301111,-0.010100000
2022-03-04 18:00:00,1.937948611,0.010926944
2022-03-04 17:00:00,1.736389167,0.352503333
2022-03-04 16:00:00,2.418454444,0.838044444
2022-03-04 15:00:00,1.887502222,2.467969722
2022-03-04 14:00:00,1.411970556,1.983963889
2022-03-04 13:00:00,1.342591944,2.708028056
2022-03-04 12:00:00,1.403719167,4.439496944
2022-03-04 11:00:00,1.399449167,2.691076667
2022-03-04 10:00:00,1.229293056,1.268975833
2022-03-04 09:00:00,1.545221667,0.950655833
2022-03-04 08:00:00,1.331267778,0.355726389
2022-03-04 07:00:00,1.425812500,0.013923056
2022-03-04 06:00:00,0.788858056,-0.009641111
2022-03-04 05:00:00,0.539742500,-0.007868889
2022-03-04 04:00:00,0.544592778,-0.006943056
2022-03-04 03:00:00,0.544681667,-0.006806667
2022-03-04 02:00:00,0.756134167,-0.006978056
2022-03-04 01:00:00,1.092628056,-0.006846389
2022-03-04 00:00:00,0.884022222,-0.008418889
2022-03-03 23:00:00,0.609535000,-0.007324722
2022-03-03 22:00:00,0.601998611,-0.007052222
2022-03-03 21:00:00,0.968757222,-0.006986389
2022-03-03 20:00:00,1.249335556,-0.007268889
2022-03-03 19:00:00,1.296873056,-0.007866111
2022-03-03 18:00:00,1.624694722,0.052853611
2022-03-03 17:00:00,1.166060556,0.818073056
2022-03-03 16:00:00,1.158869167,2.582369444
2022-03-03 15:00:00,0.925756111,4.802784444
2022-03-03 14:00:00,1.122230278,5.782970000
2022-03-03 13:00:00,1.066368056,6.142988889
2022-03-03 12:00:00,1.286878889,5.727968889
2022-03-03 11:00:00,1.543150833,5.344197778
2022-03-03 10:00:00,1.552217778,4.405939722
2022-03-03 09:00:00,1.727564444,2.877777222
2022-03-03 08:00:00,2.525698611,1.331990833
2022-03-03 07:00:00,2.504191111,0.154880000
2022-03-03 06:00:00,0.641605833,-0.008803611
2022-03-03 05:00:00,0.671584444,-0.006851111
2022-03-03 04:00:00,0.727710278,-0.006986389
2022-03-03 03:00:00,0.837420833,-0.008506944
2022-03-03 02:00:00,0.580792500,-0.009659722
2022-03-03 01:00:00,0.631536667,-0.009098611
2022-03-03 00:00:00,0.981931667,-0.007737222
2022-03-02 23:00:00,0.962117500,-0.009231389
2022-03-02 22:00:00,0.854517778,-0.009705833
2022-03-02 21:00:00,1.070913056,-0.009230278
2022-03-02 20:00:00,1.438743056,-0.009816389
2022-03-02 19:00:00,1.755137778,-0.009811667
2022-03-02 18:00:00,1.319484167,0.007155556
2022-03-02 17:00:00,1.062077778,0.412041667
2022-03-02 16:00:00,0.865717778,1.225648333
2022-03-02 15:00:00,0.767795278,3.609343056
2022-03-02 14:00:00,0.875112500,5.243392778
2022-03-02 13:00:00,1.125133056,5.641718889
2022-03-02 12:00:00,1.867338889,5.317331667
2022-03-02 11:00:00,1.954506944,5.430907778
2022-03-02 10:00:00,1.857638889,4.504618889
2022-03-02 09:00:00,2.577627222,2.672807222
2022-03-02 08:00:00,1.471566944,1.212905833
2022-03-02 07:00:00,2.436831111,0.328935000
2022-03-02 06:00:00,1.020537222,-0.007889444
2022-03-02 05:00:00,0.799989444,-0.006911944
2022-03-02 04:00:00,0.649685556,-0.007029722
2022-03-02 03:00:00,0.744304167,-0.006867222
2022-03-02 02:00:00,0.751786667,-0.007015833
2022-03-02 01:00:00,0.604225556,-0.006868056
2022-03-02 00:00:00,0.631121389,-0.007003056
2022-03-01 23:00:00,0.799415000,-0.006873889
2022-03-01 22:00:00,0.837872778,-0.007052500
2022-03-01 21:00:00,0.922339722,-0.007563333
2022-03-01 20:00:00,1.063245833,-0.009803333
2022-03-01 19:00:00,1.439981667,-0.009831667
2022-03-01 18:00:00,1.573583889,0.053588889
2022-03-01 17:00:00,1.281780000,1.048970833
2022-03-01 16:00:00,1.534168333,3.080342222
2022-03-01 15:00:00,0.757553889,4.871710556
2022-03-01 14:00:00,0.879582778,5.165368889
2022-03-01 13:00:00,1.052703611,5.550819444
2022-03-01 12:00:00,1.029955000,6.158843889
2022-03-01 11:00:00,2.061418611,5.487040000
2022-03-01 10:00:00,2.378761389,4.501793611
2022-03-01 09:00:00,2.909076389,3.044012778
2022-03-01 08:00:00,1.767825278,1.247906111
2022-03-01 07:00:00,2.133430556,0.298202222
2022-03-01 06:00:00,2.557699167,-0.008943056
2022-03-01 05:00:00,1.261597778,-0.006931667
2022-03-01 04:00:00,0.959621389,-0.007084167
2022-03-01 03:00:00,0.772702222,-0.006937500
2022-03-01 02:00:00,0.944461111,-0.007051944
2022-03-01 01:00:00,0.743288611,-0.006905556
2022-03-01 00:00:00,0.731628611,-0.007043889